<?xml version="1.0"?>
<menu>
	<item id="file" text="Home"><href target="blank">home.php</href> </item>
	<item id="sep_top_1" type="separator"/>
	<item id="edit" text="Edit">
		<item id="undo" text="Undo" img="undo.gif" imgdis="undo_dis.gif"/>
		<item id="redo" text="Redo" img="redo.gif" imgdis="redo_dis.gif"/>
		<item id="edit_sep_1" type="separator"/>
		<item id="selectAll" text="Select All" img="select_all.gif" imgdis="select_all_dis.gif"/>
		<item id="edit_sep_2" type="separator"/>
		<item id="cut" text="Cut" img="cut.gif" imgdis="cut_dis.gif"/>
		<item id="copy" text="Copy" img="copy.gif" imgdis="copy_dis.gif"/>
		<item id="paste" text="Paste" img="paste.gif" imgdis="paste_dis.gif"/>
	</item>
	<item id="help" text="Help">
		<item id="about" text="About..." img="about.gif" imgdis="about_dis.gif"/>
		<item id="needhelp" text="Help" img="help.gif" imgdis="help_dis.gif"/>
		<item id="bugReporting" text="Bug Reporting" img="bug_reporting.gif" imgdis="bug_reporting_dis.gif"/>
	</item>
</menu>