<?xml version="1.0"?>
<rows> 
 	<head> 
 		<column width="100" type="ro" align="left" sort="str"> &#x41D;&#x43E;&#x43C;&#x435;&#x440; </column> 
 		<column width="100" type="ro" align="left" sort="str"> &#x412;&#x438;&#x434; </column> 
 		<column width="100" type="ro" align="left" sort="str"> &#x414;&#x430;&#x442;&#x430; </column> 
 		<column width="400" type="ro" align="left" sort="str"> &#x41E;&#x43F;&#x438;&#x441;&#x430;&#x43D;&#x438;&#x435; </column> 
 	<column width="100" type="ro" align="left" sort="str"> &#x420;&#x430;&#x437;&#x43C;&#x435;&#x440; </column> 
 	<column width="150" type="ro" align="left" sort="str"> &#x417;&#x430;&#x434;&#x44A;&#x43B;&#x436;&#x438;&#x442;&#x435;&#x43B;&#x435;&#x43D; </column> 
 	<column width="150" type="ro" align="left" sort="str"> &#x41F;&#x440;&#x438;&#x43A;&#x43B;&#x44E;&#x447;&#x435;&#x43D; </column> 
 	</head>
</rows>
